{
    "CNYJPY": 19.073,
    "JPYCNY": 0.05231,
    "yueka": 31.909100000000002,
    "dayueka": 63.818200000000004,
    "cz648": 627.72,
    "bili": 120.313
}